,participation,u6,weekly_hours,part_time_econ,fragility_score
1994-01-01,66.56666666666666,11.533333333333333,34.36666666666667,1495.3333333333333,0.23194444444444454
1994-04-01,66.5,11.066666666666668,34.5,1698.3333333333333,0.20666666666666672
1994-07-01,66.53333333333333,10.6,34.53333333333333,1747.6666666666667,0.18555555555555572
1994-10-01,66.7,10.200000000000001,34.5,1638.3333333333333,0.16749999999999995
1995-01-01,66.76666666666667,9.966666666666667,34.43333333333333,1540.0,0.16152777777777805
1995-04-01,66.63333333333334,10.1,34.233333333333334,1656.3333333333333,0.18597222222222187
1995-07-01,66.6,10.133333333333333,34.3,1634.0,0.1833333333333337
1995-10-01,66.5,10.033333333333333,34.233333333333334,1491.0,0.18791666666666657
1996-01-01,66.53333333333333,9.9,34.13333333333333,1440.6666666666667,0.18930555555555567
1996-04-01,66.7,9.833333333333334,34.300000000000004,1520.3333333333333,0.1687499999999996
1996-07-01,66.83333333333333,9.533333333333333,34.36666666666667,1645.6666666666667,0.14805555555555566
1996-10-01,67.0,9.5,34.4,1467.0,0.1387500000000001
1997-01-01,67.0,9.266666666666667,34.4,1313.3333333333333,0.13000000000000014
1997-04-01,67.1,9.033333333333333,34.46666666666667,1453.6666666666667,0.11624999999999985
1997-07-01,67.16666666666667,8.7,34.56666666666667,1603.6666666666667,0.09624999999999972
1997-10-01,67.16666666666667,8.466666666666667,34.56666666666667,1459.0,0.08749999999999974
1998-01-01,67.1,8.366666666666667,34.5,1208.3333333333333,0.08875000000000002
1998-04-01,67.0,8.033333333333333,34.43333333333333,1411.6666666666667,0.08125000000000024
1998-07-01,67.06666666666666,8.033333333333333,34.46666666666667,1459.0,0.07874999999999985
1998-10-01,67.16666666666667,7.733333333333333,34.46666666666667,1284.0,0.06749999999999985
1999-01-01,67.13333333333334,7.6000000000000005,34.4,1222.6666666666667,0.06750000000000012
1999-04-01,67.1,7.533333333333334,34.36666666666667,1399.0,0.06749999999999999
1999-07-01,67.03333333333333,7.3999999999999995,34.36666666666667,1361.6666666666667,0.062499999999999944
1999-10-01,67.06666666666666,7.166666666666667,34.4,1204.6666666666667,0.051250000000000115
2000-01-01,67.3,7.066666666666666,34.4,998.3333333333334,0.04750000000000009
2000-04-01,67.16666666666667,7.0,34.333333333333336,1054.6666666666667,0.04999999999999982
2000-07-01,66.9,7.033333333333334,34.266666666666666,1067.6666666666667,0.05958333333333325
2000-10-01,66.89999999999999,6.933333333333334,34.13333333333333,918.0,0.06833333333333365
2001-01-01,67.16666666666667,7.3,34.1,945.3333333333334,0.07874999999999989
2001-04-01,66.76666666666667,7.6000000000000005,34.0,989.0,0.10527777777777783
2001-07-01,66.7,8.266666666666666,33.9,1023.6666666666666,0.13999999999999996
2001-10-01,66.7,9.433333333333334,33.766666666666666,993.3333333333334,0.19374999999999998
2002-01-01,66.63333333333333,9.433333333333334,33.800000000000004,1004.6666666666666,0.19347222222222218
2002-04-01,66.66666666666667,9.6,33.9,981.0,0.19111111111111106
2002-07-01,66.60000000000001,9.6,33.86666666666667,998.3333333333334,0.19583333333333303
2002-10-01,66.43333333333334,9.733333333333334,33.8,1027.0,0.21138888888888901
2003-01-01,66.36666666666667,10.0,33.666666666666664,955.3333333333334,0.23361111111111102
2003-04-01,66.43333333333334,10.200000000000001,33.63333333333333,963.3333333333334,0.24138888888888885
2003-07-01,66.13333333333333,10.266666666666667,33.63333333333333,951.3333333333334,0.25388888888888916
2003-10-01,66.03333333333333,10.033333333333333,33.699999999999996,934.3333333333334,0.2434722222222226
2004-01-01,66.03333333333333,9.833333333333334,33.733333333333334,884.0,0.23347222222222225
2004-04-01,66.0,9.633333333333333,33.699999999999996,998.0,0.22958333333333364
2004-07-01,65.96666666666665,9.433333333333334,33.733333333333334,1028.3333333333333,0.2206944444444448
2004-10-01,65.93333333333334,9.466666666666667,33.766666666666666,946.0,0.2205555555555555
2005-01-01,65.86666666666667,9.166666666666666,33.733333333333334,874.6666666666666,0.21402777777777743
2005-04-01,66.1,8.966666666666667,33.733333333333334,1022.6666666666666,0.19875000000000012
2005-07-01,66.13333333333333,8.9,33.733333333333334,1002.0,0.19513888888888908
2005-10-01,66.03333333333333,8.666666666666666,33.8,921.3333333333334,0.18472222222222245
2006-01-01,66.10000000000001,8.333333333333334,33.833333333333336,852.3333333333334,0.16749999999999957
2006-04-01,66.13333333333333,8.233333333333333,33.833333333333336,930.6666666666666,0.1626388888888889
2006-07-01,66.13333333333333,8.299999999999999,33.833333333333336,956.0,0.1651388888888889
2006-10-01,66.3,8.066666666666666,33.86666666666667,865.6666666666666,0.14833333333333337
2007-01-01,66.3,8.133333333333333,33.800000000000004,836.6666666666666,0.15583333333333307
2007-04-01,65.96666666666667,8.233333333333333,33.833333333333336,843.3333333333334,0.16819444444444415
2007-07-01,65.93333333333334,8.4,33.8,865.6666666666666,0.17805555555555563
2007-10-01,65.93333333333334,8.566666666666668,33.8,877.0,0.1843055555555557
2008-01-01,66.10000000000001,9.066666666666666,33.733333333333334,836.6666666666666,0.20249999999999962
2008-04-01,66.03333333333333,9.633333333333333,33.7,860.3333333333334,0.22847222222222205
2008-07-01,66.06666666666666,10.799999999999999,33.6,859.3333333333334,0.2786111111111111
2008-10-01,65.89999999999999,12.700000000000001,33.43333333333333,885.3333333333334,0.3679166666666672
2009-01-01,65.7,15.0,33.199999999999996,841.3333333333334,0.4783333333333335
2009-04-01,65.7,16.3,33.03333333333333,912.0,0.49083333333333334
2009-07-01,65.33333333333333,16.599999999999998,33.1,859.3333333333334,0.4980555555555556
2009-10-01,64.86666666666666,17.133333333333336,33.166666666666664,731.6666666666666,0.5086111111111116
2010-01-01,64.86666666666667,16.900000000000002,33.23333333333333,809.0,0.5036111111111112
2010-04-01,64.89999999999999,16.766666666666666,33.36666666666667,846.3333333333334,0.4925000000000002
2010-07-01,64.63333333333333,16.599999999999998,33.46666666666667,857.3333333333334,0.49388888888888904
2010-10-01,64.43333333333334,16.7,33.53333333333333,769.6666666666666,0.4955555555555556
2011-01-01,64.16666666666667,16.033333333333335,33.46666666666667,830.6666666666666,0.5094444444444441
2011-04-01,64.10000000000001,16.033333333333335,33.6,851.6666666666666,0.5016666666666663
2011-07-01,64.10000000000001,16.133333333333333,33.6,861.6666666666666,0.5016666666666663
2011-10-01,64.06666666666666,15.533333333333333,33.666666666666664,840.0,0.4977777777777781
2012-01-01,63.76666666666667,14.9,33.733333333333334,777.0,0.4990277777777775
2012-04-01,63.73333333333333,14.733333333333334,33.666666666666664,822.3333333333334,0.49888888888888927
2012-07-01,63.6,14.700000000000001,33.666666666666664,786.3333333333334,0.5020833333333334
2012-10-01,63.699999999999996,14.4,33.666666666666664,734.0,0.4875000000000004
2013-01-01,63.46666666666667,14.233333333333334,33.699999999999996,730.0,0.48652777777777806
2013-04-01,63.4,14.033333333333333,33.666666666666664,816.6666666666666,0.48375000000000024
2013-07-01,63.26666666666667,13.633333333333333,33.6,844.0,0.47819444444444403
2013-10-01,62.9,13.266666666666666,33.6,765.3333333333334,0.47666666666666657
2014-01-01,62.96666666666667,12.633333333333333,33.53333333333333,726.3333333333334,0.4556944444444445
2014-04-01,62.833333333333336,12.200000000000001,33.7,769.6666666666666,0.4313888888888886
2014-07-01,62.86666666666667,11.933333333333332,33.7,764.3333333333334,0.42027777777777753
2014-10-01,62.86666666666667,11.366666666666667,33.766666666666666,764.3333333333334,0.39402777777777787
2015-01-01,62.73333333333333,11.0,33.733333333333334,830.3333333333334,0.3872222222222223
2015-04-01,62.800000000000004,10.733333333333334,33.6,872.3333333333334,0.3849999999999998
2015-07-01,62.53333333333333,10.166666666666666,33.733333333333334,881.3333333333334,0.3626388888888888
2015-10-01,62.56666666666666,9.9,33.733333333333334,790.3333333333334,0.35152777777777783
2016-01-01,62.833333333333336,9.700000000000001,33.63333333333333,860.6666666666666,0.3426388888888889
2016-04-01,62.76666666666667,9.766666666666667,33.6,884.3333333333334,0.3498611111111108
2016-07-01,62.86666666666667,9.633333333333333,33.56666666666667,867.6666666666666,0.3440277777777775
2016-10-01,62.73333333333333,9.4,33.56666666666667,801.0,0.3397222222222222
2017-01-01,62.86666666666667,9.0,33.56666666666667,808.0,0.32027777777777755
2017-04-01,62.86666666666667,8.533333333333333,33.666666666666664,874.3333333333334,0.29527777777777797
2017-07-01,62.96666666666667,8.466666666666667,33.63333333333333,738.0,0.29194444444444445
2017-10-01,62.70000000000001,8.066666666666666,33.733333333333334,739.3333333333334,0.2783333333333329
2018-01-01,62.86666666666667,8.033333333333333,33.699999999999996,776.6666666666666,0.2740277777777781
2018-04-01,62.93333333333334,7.833333333333333,33.766666666666666,771.3333333333334,0.25930555555555546
2018-07-01,62.800000000000004,7.466666666666666,33.733333333333334,800.3333333333334,0.2524999999999998
2018-10-01,62.93333333333334,7.566666666666666,33.7,714.0,0.2543055555555552
2019-01-01,63.06666666666666,7.533333333333334,33.699999999999996,723.3333333333334,0.24861111111111156
2019-04-01,62.9,7.233333333333333,33.63333333333333,738.0,0.24791666666666676
2019-07-01,63.13333333333333,7.0,33.56666666666667,806.3333333333334,0.23638888888888865
2019-10-01,63.29999999999999,6.833333333333333,33.56666666666667,695.3333333333334,0.2308333333333334
2020-01-01,63.06666666666666,7.6000000000000005,33.56666666666667,621.6666666666666,0.261111111111111
2020-04-01,60.800000000000004,20.666666666666668,33.86666666666667,742.0,0.5916666666666665
2020-07-01,61.53333333333333,14.5,34.06666666666667,772.6666666666666,0.533472222222222
2020-10-01,61.56666666666666,11.9,34.233333333333334,831.3333333333334,0.42236111111111113
2021-01-01,61.43333333333334,11.033333333333333,34.266666666666666,692.3333333333334,0.3918055555555554
2021-04-01,61.63333333333333,10.066666666666668,34.36666666666667,720.0,0.34138888888888896
2021-07-01,61.73333333333333,8.799999999999999,34.233333333333334,742.3333333333334,0.3005555555555557
2021-10-01,61.9,7.733333333333333,34.2,752.6666666666666,0.25749999999999984
2022-01-01,62.300000000000004,7.1000000000000005,34.06666666666667,747.6666666666666,0.23041666666666627
2022-04-01,62.23333333333333,6.933333333333334,34.06666666666667,795.3333333333334,0.22888888888888886
2022-07-01,62.199999999999996,6.8,34.0,718.6666666666666,0.23500000000000015
2022-10-01,62.199999999999996,6.666666666666667,33.9,717.0,0.24250000000000027
2023-01-01,62.5,6.733333333333333,33.93333333333333,692.0,0.23000000000000026
2023-04-01,62.6,6.733333333333333,33.8,706.3333333333334,0.2366666666666668
2023-07-01,62.699999999999996,6.933333333333334,33.8,711.6666666666666,0.23333333333333367
2023-10-01,62.63333333333333,7.133333333333333,33.766666666666666,682.6666666666666,0.24305555555555564
2024-01-01,62.6,7.266666666666667,33.73333333333333,633.0,0.2516666666666671
2024-04-01,62.6,7.400000000000001,33.733333333333334,677.0,0.2566666666666666
2024-07-01,62.70000000000001,7.766666666666667,33.7,647.3333333333334,0.26958333333333273
2024-10-01,62.46666666666667,7.666666666666667,33.7,688.3333333333334,0.27361111111111086
2025-01-01,62.53333333333333,7.8,33.63333333333333,715.0,0.28138888888888897
2025-04-01,62.43333333333334,7.766666666666667,33.63333333333333,639.3333333333334,0.2834722222222221
2025-07-01,62.333333333333336,8.033333333333333,33.7,639.3333333333334,0.2918055555555552
2025-10-01,62.45,8.55,33.733333333333334,749.0,0.3047916666666665
2026-01-01,62.0,8.0,33.8,730.0,0.29416666666666685
