,LNS12032194
1955-05-01,2063.0
1955-06-01,1982.0
1955-07-01,2123.0
1955-08-01,2203.0
1955-09-01,2133.0
1955-10-01,2093.0
1955-11-01,2199.0
1955-12-01,2149.0
1956-01-01,2149.0
1956-02-01,2087.0
1956-03-01,1980.0
1956-04-01,2051.0
1956-05-01,2194.0
1956-06-01,2331.0
1956-07-01,2287.0
1956-08-01,2353.0
1956-09-01,2399.0
1956-10-01,2417.0
1956-11-01,2414.0
1956-12-01,2306.0
1957-01-01,2283.0
1957-02-01,2426.0
1957-03-01,2435.0
1957-04-01,2283.0
1957-05-01,2377.0
1957-06-01,2476.0
1957-07-01,2449.0
1957-08-01,2440.0
1957-09-01,2484.0
1957-10-01,2641.0
1957-11-01,2643.0
1957-12-01,2712.0
1958-01-01,3291.0
1958-02-01,3437.0
1958-03-01,3972.0
1958-04-01,3743.0
1958-05-01,3602.0
1958-06-01,3340.0
1958-07-01,2955.0
1958-08-01,3178.0
1958-09-01,3166.0
1958-10-01,2969.0
1958-11-01,2805.0
1958-12-01,2825.0
1959-01-01,2749.0
1959-02-01,2515.0
1959-03-01,2846.0
1959-04-01,2592.0
1959-05-01,2353.0
1959-06-01,2543.0
1959-07-01,2668.0
1959-08-01,2599.0
1959-09-01,2507.0
1959-10-01,2730.0
1959-11-01,2799.0
1959-12-01,2734.0
1960-01-01,2507.0
1960-02-01,2565.0
1960-03-01,2405.0
1960-04-01,2769.0
1960-05-01,2733.0
1960-06-01,2904.0
1960-07-01,2830.0
1960-08-01,2933.0
1960-09-01,3071.0
1960-10-01,3069.0
1960-11-01,3119.0
1960-12-01,3305.0
1961-01-01,3428.0
1961-02-01,3561.0
1961-03-01,3325.0
1961-04-01,3295.0
1961-05-01,3269.0
1961-06-01,3151.0
1961-07-01,3035.0
1961-08-01,3152.0
1961-09-01,2976.0
1961-10-01,2913.0
1961-11-01,2875.0
1961-12-01,2645.0
1962-01-01,2392.0
1962-02-01,2631.0
1962-03-01,2783.0
1962-04-01,2596.0
1962-05-01,2756.0
1962-06-01,2683.0
1962-07-01,2759.0
1962-08-01,2626.0
1962-09-01,2675.0
1962-10-01,2704.0
1962-11-01,2714.0
1962-12-01,2575.0
1963-01-01,2613.0
1963-02-01,2560.0
1963-03-01,2645.0
1963-04-01,2644.0
1963-05-01,2571.0
1963-06-01,2627.0
1963-07-01,2482.0
1963-08-01,2740.0
1963-09-01,2723.0
1963-10-01,2647.0
1963-11-01,2623.0
1963-12-01,2580.0
1964-01-01,2428.0
1964-02-01,2567.0
1964-03-01,2467.0
1964-04-01,2562.0
1964-05-01,2539.0
1964-06-01,2484.0
1964-07-01,2369.0
1964-08-01,2369.0
1964-09-01,2455.0
1964-10-01,2435.0
1964-11-01,2367.0
1964-12-01,2462.0
1965-01-01,2383.0
1965-02-01,2304.0
1965-03-01,2296.0
1965-04-01,2230.0
1965-05-01,2258.0
1965-06-01,2170.0
1965-07-01,2289.0
1965-08-01,2259.0
1965-09-01,2019.0
1965-10-01,2168.0
1965-11-01,2077.0
1965-12-01,2037.0
1966-01-01,2081.0
1966-02-01,1884.0
1966-03-01,1905.0
1966-04-01,1908.0
1966-05-01,1923.0
1966-06-01,2185.0
1966-07-01,2128.0
1966-08-01,1942.0
1966-09-01,1856.0
1966-10-01,1857.0
1966-11-01,1738.0
1966-12-01,2007.0
1967-01-01,2182.0
1967-02-01,2322.0
1967-03-01,2308.0
1967-04-01,2374.0
1967-05-01,1835.0
1967-06-01,2095.0
1967-07-01,2062.0
1967-08-01,2069.0
1967-09-01,2233.0
1967-10-01,2180.0
1967-11-01,2227.0
1967-12-01,2124.0
1968-01-01,1873.0
1968-02-01,2153.0
1968-03-01,1983.0
1968-04-01,1943.0
1968-05-01,1933.0
1968-06-01,2052.0
1968-07-01,1950.0
1968-08-01,1962.0
1968-09-01,1946.0
1968-10-01,1883.0
1968-11-01,1927.0
1968-12-01,1988.0
1969-01-01,1914.0
1969-02-01,1952.0
1969-03-01,2044.0
1969-04-01,1951.0
1969-05-01,1961.0
1969-06-01,2092.0
1969-07-01,2004.0
1969-08-01,2142.0
1969-09-01,2190.0
1969-10-01,2165.0
1969-11-01,2084.0
1969-12-01,2122.0
1970-01-01,2182.0
1970-02-01,2186.0
1970-03-01,2236.0
1970-04-01,2631.0
1970-05-01,2487.0
1970-06-01,2353.0
1970-07-01,2493.0
1970-08-01,2438.0
1970-09-01,2425.0
1970-10-01,2612.0
1970-11-01,2581.0
1970-12-01,2760.0
1971-01-01,2756.0
1971-02-01,2732.0
1971-03-01,2747.0
1971-04-01,2806.0
1971-05-01,2720.0
1971-06-01,2431.0
1971-07-01,2701.0
1971-08-01,2676.0
1971-09-01,2636.0
1971-10-01,2726.0
1971-11-01,2819.0
1971-12-01,2606.0
1972-01-01,2669.0
1972-02-01,2585.0
1972-03-01,2637.0
1972-04-01,2728.0
1972-05-01,2565.0
1972-06-01,2805.0
1972-07-01,2799.0
1972-08-01,2831.0
1972-09-01,2678.0
1972-10-01,2562.0
1972-11-01,2407.0
1972-12-01,2366.0
1973-01-01,2170.0
1973-02-01,2393.0
1973-03-01,2369.0
1973-04-01,2338.0
1973-05-01,2392.0
1973-06-01,2744.0
1973-07-01,2703.0
1973-08-01,2609.0
1973-09-01,2644.0
1973-10-01,2655.0
1973-11-01,2687.0
1973-12-01,2846.0
1974-01-01,2748.0
1974-02-01,2963.0
1974-03-01,2720.0
1974-04-01,2629.0
1974-05-01,2872.0
1974-06-01,2784.0
1974-07-01,2821.0
1974-08-01,2993.0
1974-09-01,3184.0
1974-10-01,3188.0
1974-11-01,3484.0
1974-12-01,3583.0
1975-01-01,4133.0
1975-02-01,3994.0
1975-03-01,4087.0
1975-04-01,4179.0
1975-05-01,3972.0
1975-06-01,3774.0
1975-07-01,3669.0
1975-08-01,3650.0
1975-09-01,3566.0
1975-10-01,3600.0
1975-11-01,3554.0
1975-12-01,3544.0
1976-01-01,3776.0
1976-02-01,3536.0
1976-03-01,3507.0
1976-04-01,3515.0
1976-05-01,3572.0
1976-06-01,3462.0
1976-07-01,3497.0
1976-08-01,3542.0
1976-09-01,3670.0
1976-10-01,3781.0
1976-11-01,3768.0
1976-12-01,3728.0
1977-01-01,3580.0
1977-02-01,3883.0
1977-03-01,3596.0
1977-04-01,3407.0
1977-05-01,3555.0
1977-06-01,3648.0
1977-07-01,3726.0
1977-08-01,3568.0
1977-09-01,3610.0
1977-10-01,3577.0
1977-11-01,3577.0
1977-12-01,3501.0
1978-01-01,3333.0
1978-02-01,3495.0
1978-03-01,3524.0
1978-04-01,3588.0
1978-05-01,3533.0
1978-06-01,3669.0
1978-07-01,3563.0
1978-08-01,3603.0
1978-09-01,3566.0
1978-10-01,3510.0
1978-11-01,3428.0
1978-12-01,3309.0
1979-01-01,3451.0
1979-02-01,3486.0
1979-03-01,3494.0
1979-04-01,3535.0
1979-05-01,3532.0
1979-06-01,3701.0
1979-07-01,3556.0
1979-08-01,3627.0
1979-09-01,3495.0
1979-10-01,3530.0
1979-11-01,3692.0
1979-12-01,3787.0
1980-01-01,3736.0
1980-02-01,3765.0
1980-03-01,3730.0
1980-04-01,4163.0
1980-05-01,4700.0
1980-06-01,4553.0
1980-07-01,4520.0
1980-08-01,4619.0
1980-09-01,4512.0
1980-10-01,4505.0
1980-11-01,4497.0
1980-12-01,4449.0
1981-01-01,4626.0
1981-02-01,4493.0
1981-03-01,4474.0
1981-04-01,4424.0
1981-05-01,4532.0
1981-06-01,4434.0
1981-07-01,4725.0
1981-08-01,4713.0
1981-09-01,4809.0
1981-10-01,5332.0
1981-11-01,5204.0
1981-12-01,5536.0
1982-01-01,5067.0
1982-02-01,5737.0
1982-03-01,5938.0
1982-04-01,6049.0
1982-05-01,6112.0
1982-06-01,5997.0
1982-07-01,6084.0
1982-08-01,6221.0
1982-09-01,6705.0
1982-10-01,6857.0
1982-11-01,6704.0
1982-12-01,6657.0
1983-01-01,6733.0
1983-02-01,6570.0
1983-03-01,6448.0
1983-04-01,6300.0
1983-05-01,6229.0
1983-06-01,6240.0
1983-07-01,6182.0
1983-08-01,6248.0
1983-09-01,6196.0
1983-10-01,6009.0
1983-11-01,6141.0
1983-12-01,5882.0
1984-01-01,5934.0
1984-02-01,5904.0
1984-03-01,5665.0
1984-04-01,5761.0
1984-05-01,5566.0
1984-06-01,5884.0
1984-07-01,5744.0
1984-08-01,5589.0
1984-09-01,5728.0
1984-10-01,5710.0
1984-11-01,5626.0
1984-12-01,5797.0
1985-01-01,5629.0
1985-02-01,5273.0
1985-03-01,5718.0
1985-04-01,5629.0
1985-05-01,5828.0
1985-06-01,5618.0
1985-07-01,5583.0
1985-08-01,5750.0
1985-09-01,5602.0
1985-10-01,5459.0
1985-11-01,5494.0
1985-12-01,5512.0
1986-01-01,5541.0
1986-02-01,5258.0
1986-03-01,5555.0
1986-04-01,5825.0
1986-05-01,5908.0
1986-06-01,5628.0
1986-07-01,5415.0
1986-08-01,5521.0
1986-09-01,5615.0
1986-10-01,5769.0
1986-11-01,5512.0
1986-12-01,5613.0
1987-01-01,5482.0
1987-02-01,5569.0
1987-03-01,5436.0
1987-04-01,5350.0
1987-05-01,5386.0
1987-06-01,5242.0
1987-07-01,5493.0
1987-08-01,5334.0
1987-09-01,5309.0
1987-10-01,5455.0
1987-11-01,5527.0
1987-12-01,5279.0
1988-01-01,5297.0
1988-02-01,5316.0
1988-03-01,5278.0
1988-04-01,5137.0
1988-05-01,4917.0
1988-06-01,5294.0
1988-07-01,5460.0
1988-08-01,5259.0
1988-09-01,5085.0
1988-10-01,5005.0
1988-11-01,5033.0
1988-12-01,5369.0
1989-01-01,5055.0
1989-02-01,4902.0
1989-03-01,4871.0
1989-04-01,5048.0
1989-05-01,4897.0
1989-06-01,4969.0
1989-07-01,4924.0
1989-08-01,4888.0
1989-09-01,4825.0
1989-10-01,4743.0
1989-11-01,4800.0
1989-12-01,4817.0
1990-01-01,4856.0
1990-02-01,4809.0
1990-03-01,4856.0
1990-04-01,4941.0
1990-05-01,4988.0
1990-06-01,5364.0
1990-07-01,5276.0
1990-08-01,5365.0
1990-09-01,5364.0
1990-10-01,5474.0
1990-11-01,5492.0
1990-12-01,5699.0
1991-01-01,5465.0
1991-02-01,5971.0
1991-03-01,6062.0
1991-04-01,6263.0
1991-05-01,6052.0
1991-06-01,6106.0
1991-07-01,6151.0
1991-08-01,6180.0
1991-09-01,6437.0
1991-10-01,6385.0
1991-11-01,6495.0
1991-12-01,6455.0
1992-01-01,6593.0
1992-02-01,6551.0
1992-03-01,6531.0
1992-04-01,6492.0
1992-05-01,6550.0
1992-06-01,6462.0
1992-07-01,6509.0
1992-08-01,6485.0
1992-09-01,6410.0
1992-10-01,6575.0
1992-11-01,6628.0
1992-12-01,6458.0
1993-01-01,6196.0
1993-02-01,6627.0
1993-03-01,6318.0
1993-04-01,6586.0
1993-05-01,6543.0
1993-06-01,6635.0
1993-07-01,6700.0
1993-08-01,6681.0
1993-09-01,6575.0
1993-10-01,6376.0
1993-11-01,6250.0
1993-12-01,6291.0
1994-01-01,4947.0
1994-02-01,4677.0
1994-03-01,4890.0
1994-04-01,4752.0
1994-05-01,4836.0
1994-06-01,4816.0
1994-07-01,4505.0
1994-08-01,4359.0
1994-09-01,4332.0
1994-10-01,4472.0
1994-11-01,4468.0
1994-12-01,4440.0
1995-01-01,4550.0
1995-02-01,4397.0
1995-03-01,4451.0
1995-04-01,4428.0
1995-05-01,4513.0
1995-06-01,4489.0
1995-07-01,4436.0
1995-08-01,4513.0
1995-09-01,4580.0
1995-10-01,4462.0
1995-11-01,4489.0
1995-12-01,4434.0
1996-01-01,4022.0
1996-02-01,4420.0
1996-03-01,4429.0
1996-04-01,4464.0
1996-05-01,4327.0
1996-06-01,4312.0
1996-07-01,4358.0
1996-08-01,4391.0
1996-09-01,4382.0
1996-10-01,4372.0
1996-11-01,4025.0
1996-12-01,4365.0
1997-01-01,4189.0
1997-02-01,4242.0
1997-03-01,4112.0
1997-04-01,4396.0
1997-05-01,4032.0
1997-06-01,3998.0
1997-07-01,4040.0
1997-08-01,4049.0
1997-09-01,4004.0
1997-10-01,3973.0
1997-11-01,3962.0
1997-12-01,3848.0
1998-01-01,3922.0
1998-02-01,3866.0
1998-03-01,3859.0
1998-04-01,3775.0
1998-05-01,3727.0
1998-06-01,3766.0
1998-07-01,3796.0
1998-08-01,3537.0
1998-09-01,3448.0
1998-10-01,3433.0
1998-11-01,3339.0
1998-12-01,3420.0
1999-01-01,3449.0
1999-02-01,3425.0
1999-03-01,3550.0
1999-04-01,3443.0
1999-05-01,3393.0
1999-06-01,3411.0
1999-07-01,3350.0
1999-08-01,3286.0
1999-09-01,3279.0
1999-10-01,3153.0
1999-11-01,3225.0
1999-12-01,3283.0
2000-01-01,3208.0
2000-02-01,3167.0
2000-03-01,3231.0
2000-04-01,3186.0
2000-05-01,3283.0
2000-06-01,3209.0
2000-07-01,3144.0
2000-08-01,3211.0
2000-09-01,3217.0
2000-10-01,3179.0
2000-11-01,3467.0
2000-12-01,3243.0
2001-01-01,3332.0
2001-02-01,3296.0
2001-03-01,3280.0
2001-04-01,3289.0
2001-05-01,3439.0
2001-06-01,3792.0
2001-07-01,3556.0
2001-08-01,3380.0
2001-09-01,4233.0
2001-10-01,4437.0
2001-11-01,4317.0
2001-12-01,4393.0
2002-01-01,4112.0
2002-02-01,4289.0
2002-03-01,4101.0
2002-04-01,4199.0
2002-05-01,4103.0
2002-06-01,4048.0
2002-07-01,4145.0
2002-08-01,4301.0
2002-09-01,4329.0
2002-10-01,4314.0
2002-11-01,4329.0
2002-12-01,4321.0
2003-01-01,4607.0
2003-02-01,4844.0
2003-03-01,4652.0
2003-04-01,4798.0
2003-05-01,4570.0
2003-06-01,4592.0
2003-07-01,4648.0
2003-08-01,4419.0
2003-09-01,4882.0
2003-10-01,4813.0
2003-11-01,4862.0
2003-12-01,4750.0
2004-01-01,4705.0
2004-02-01,4549.0
2004-03-01,4742.0
2004-04-01,4568.0
2004-05-01,4588.0
2004-06-01,4443.0
2004-07-01,4449.0
2004-08-01,4474.0
2004-09-01,4487.0
2004-10-01,4820.0
2004-11-01,4547.0
2004-12-01,4427.0
2005-01-01,4389.0
2005-02-01,4250.0
2005-03-01,4388.0
2005-04-01,4278.0
2005-05-01,4315.0
2005-06-01,4432.0
2005-07-01,4400.0
2005-08-01,4491.0
2005-09-01,4675.0
2005-10-01,4269.0
2005-11-01,4219.0
2005-12-01,4115.0
2006-01-01,4123.0
2006-02-01,4174.0
2006-03-01,3972.0
2006-04-01,3900.0
2006-05-01,4111.0
2006-06-01,4318.0
2006-07-01,4303.0
2006-08-01,4195.0
2006-09-01,4115.0
2006-10-01,4352.0
2006-11-01,4190.0
2006-12-01,4187.0
2007-01-01,4279.0
2007-02-01,4220.0
2007-03-01,4253.0
2007-04-01,4313.0
2007-05-01,4473.0
2007-06-01,4342.0
2007-07-01,4410.0
2007-08-01,4576.0
2007-09-01,4521.0
2007-10-01,4325.0
2007-11-01,4494.0
2007-12-01,4618.0
2008-01-01,4846.0
2008-02-01,4902.0
2008-03-01,4904.0
2008-04-01,5220.0
2008-05-01,5286.0
2008-06-01,5540.0
2008-07-01,5930.0
2008-08-01,5851.0
2008-09-01,6148.0
2008-10-01,6690.0
2008-11-01,7311.0
2008-12-01,8029.0
2009-01-01,8046.0
2009-02-01,8796.0
2009-03-01,9145.0
2009-04-01,8908.0
2009-05-01,9113.0
2009-06-01,9024.0
2009-07-01,8891.0
2009-08-01,9029.0
2009-09-01,8847.0
2009-10-01,8979.0
2009-11-01,9114.0
2009-12-01,9098.0
2010-01-01,8530.0
2010-02-01,8936.0
2010-03-01,9233.0
2010-04-01,9178.0
2010-05-01,8845.0
2010-06-01,8577.0
2010-07-01,8500.0
2010-08-01,8800.0
2010-09-01,9246.0
2010-10-01,8837.0
2010-11-01,8873.0
2010-12-01,8935.0
2011-01-01,8470.0
2011-02-01,8464.0
2011-03-01,8645.0
2011-04-01,8652.0
2011-05-01,8576.0
2011-06-01,8427.0
2011-07-01,8281.0
2011-08-01,8788.0
2011-09-01,9166.0
2011-10-01,8657.0
2011-11-01,8447.0
2011-12-01,8171.0
2012-01-01,8305.0
2012-02-01,8238.0
2012-03-01,7775.0
2012-04-01,7913.0
2012-05-01,8101.0
2012-06-01,8072.0
2012-07-01,8082.0
2012-08-01,7974.0
2012-09-01,8671.0
2012-10-01,8203.0
2012-11-01,8166.0
2012-12-01,7943.0
2013-01-01,8151.0
2013-02-01,8178.0
2013-03-01,7722.0
2013-04-01,7964.0
2013-05-01,7937.0
2013-06-01,8103.0
2013-07-01,8099.0
2013-08-01,7816.0
2013-09-01,7764.0
2013-10-01,7936.0
2013-11-01,7718.0
2013-12-01,7827.0
2014-01-01,7296.0
2014-02-01,7299.0
2014-03-01,7435.0
2014-04-01,7509.0
2014-05-01,7254.0
2014-06-01,7422.0
2014-07-01,7402.0
2014-08-01,7177.0
2014-09-01,7020.0
2014-10-01,7025.0
2014-11-01,6898.0
2014-12-01,6856.0
2015-01-01,6808.0
2015-02-01,6665.0
2015-03-01,6633.0
2015-04-01,6611.0
2015-05-01,6634.0
2015-06-01,6388.0
2015-07-01,6253.0
2015-08-01,6418.0
2015-09-01,6042.0
2015-10-01,5813.0
2015-11-01,6170.0
2015-12-01,6075.0
2016-01-01,5937.0
2016-02-01,5938.0
2016-03-01,6057.0
2016-04-01,6011.0
2016-05-01,6488.0
2016-06-01,5791.0
2016-07-01,5950.0
2016-08-01,6033.0
2016-09-01,5882.0
2016-10-01,5949.0
2016-11-01,5685.0
2016-12-01,5607.0
2017-01-01,5762.0
2017-02-01,5562.0
2017-03-01,5462.0
2017-04-01,5272.0
2017-05-01,5259.0
2017-06-01,5381.0
2017-07-01,5320.0
2017-08-01,5301.0
2017-09-01,5138.0
2017-10-01,4857.0
2017-11-01,4745.0
2017-12-01,4940.0
2018-01-01,5033.0
2018-02-01,5119.0
2018-03-01,4983.0
2018-04-01,4946.0
2018-05-01,4940.0
2018-06-01,4835.0
2018-07-01,4607.0
2018-08-01,4400.0
2018-09-01,4625.0
2018-10-01,4553.0
2018-11-01,4665.0
2018-12-01,4627.0
2019-01-01,5190.0
2019-02-01,4345.0
2019-03-01,4507.0
2019-04-01,4687.0
2019-05-01,4362.0
2019-06-01,4397.0
2019-07-01,3952.0
2019-08-01,4393.0
2019-09-01,4320.0
2019-10-01,4358.0
2019-11-01,4233.0
2019-12-01,4134.0
2020-01-01,4275.0
2020-02-01,4378.0
2020-03-01,5763.0
2020-04-01,10880.0
2020-05-01,10627.0
2020-06-01,9109.0
2020-07-01,8418.0
2020-08-01,7553.0
2020-09-01,6283.0
2020-10-01,6657.0
2020-11-01,6635.0
2020-12-01,6142.0
2021-01-01,5948.0
2021-02-01,6066.0
2021-03-01,5784.0
2021-04-01,5222.0
2021-05-01,5245.0
2021-06-01,4651.0
2021-07-01,4455.0
2021-08-01,4456.0
2021-09-01,4476.0
2021-10-01,4414.0
2021-11-01,4301.0
2021-12-01,3949.0
2022-01-01,3720.0
2022-02-01,4105.0
2022-03-01,4137.0
2022-04-01,4013.0
2022-05-01,4314.0
2022-06-01,3652.0
2022-07-01,3934.0
2022-08-01,4131.0
2022-09-01,3869.0
2022-10-01,3676.0
2022-11-01,3718.0
2022-12-01,3891.0
2023-01-01,4042.0
2023-02-01,4042.0
2023-03-01,4076.0
2023-04-01,3882.0
2023-05-01,3734.0
2023-06-01,4218.0
2023-07-01,4009.0
2023-08-01,4215.0
2023-09-01,4088.0
2023-10-01,4293.0
2023-11-01,4008.0
2023-12-01,4223.0
2024-01-01,4418.0
2024-02-01,4349.0
2024-03-01,4293.0
2024-04-01,4457.0
2024-05-01,4416.0
2024-06-01,4236.0
2024-07-01,4569.0
2024-08-01,4828.0
2024-09-01,4643.0
2024-10-01,4566.0
2024-11-01,4463.0
2024-12-01,4361.0
2025-01-01,4478.0
2025-02-01,4923.0
2025-03-01,4771.0
2025-04-01,4686.0
2025-05-01,4624.0
2025-06-01,4473.0
2025-07-01,4689.0
2025-08-01,4755.0
2025-09-01,4594.0
2025-10-01,
2025-11-01,5487.0
2025-12-01,5341.0
2026-01-01,4873.0
2026-02-01,4396.0
2026-03-01,4497.0
