,LNU02032185
1948-01-01,4416.0
1948-02-01,4573.0
1948-03-01,4549.0
1948-04-01,4632.0
1948-05-01,4695.0
1948-06-01,4810.0
1948-07-01,4750.0
1948-08-01,4769.0
1948-09-01,4742.0
1948-10-01,4802.0
1948-11-01,4634.0
1948-12-01,4602.0
1949-01-01,4498.0
1949-02-01,4447.0
1949-03-01,4551.0
1949-04-01,4763.0
1949-05-01,4887.0
1949-06-01,4932.0
1949-07-01,4993.0
1949-08-01,4665.0
1949-09-01,4509.0
1949-10-01,4425.0
1949-11-01,4335.0
1949-12-01,4303.0
1950-01-01,4207.0
1950-02-01,4203.0
1950-03-01,4468.0
1950-04-01,4562.0
1950-05-01,4639.0
1950-06-01,4656.0
1950-07-01,4543.0
1950-08-01,4402.0
1950-09-01,4358.0
1950-10-01,4143.0
1950-11-01,3971.0
1950-12-01,3928.0
1951-01-01,3758.0
1951-02-01,3874.0
1951-03-01,4066.0
1951-04-01,4114.0
1951-05-01,4214.0
1951-06-01,4319.0
1951-07-01,4180.0
1951-08-01,4072.0
1951-09-01,3890.0
1951-10-01,3954.0
1951-11-01,3916.0
1951-12-01,3843.0
1952-01-01,3786.0
1952-02-01,3881.0
1952-03-01,3877.0
1952-04-01,4050.0
1952-05-01,4026.0
1952-06-01,4150.0
1952-07-01,4090.0
1952-08-01,3958.0
1952-09-01,3896.0
1952-10-01,3964.0
1952-11-01,3830.0
1952-12-01,3692.0
1953-01-01,3735.0
1953-02-01,3686.0
1953-03-01,3720.0
1953-04-01,3863.0
1953-05-01,3929.0
1953-06-01,4122.0
1953-07-01,4108.0
1953-08-01,4006.0
1953-09-01,3816.0
1953-10-01,3783.0
1953-11-01,3659.0
1953-12-01,3365.0
1954-01-01,3427.0
1954-02-01,3731.0
1954-03-01,3809.0
1954-04-01,3902.0
1954-05-01,4041.0
1954-06-01,4084.0
1954-07-01,4055.0
1954-08-01,3824.0
1954-09-01,3918.0
1954-10-01,3930.0
1954-11-01,3601.0
1954-12-01,3484.0
1955-01-01,3548.0
1955-02-01,3400.0
1955-03-01,3628.0
1955-04-01,3754.0
1955-05-01,3926.0
1955-06-01,3972.0
1955-07-01,3915.0
1955-08-01,3793.0
1955-09-01,3808.0
1955-10-01,3768.0
1955-11-01,3712.0
1955-12-01,3489.0
1956-01-01,3504.0
1956-02-01,3452.0
1956-03-01,3534.0
1956-04-01,3799.0
1956-05-01,3814.0
1956-06-01,3790.0
1956-07-01,3685.0
1956-08-01,3514.0
1956-09-01,3607.0
1956-10-01,3470.0
1956-11-01,3397.0
1956-12-01,3186.0
1957-01-01,3116.0
1957-02-01,3239.0
1957-03-01,3254.0
1957-04-01,3380.0
1957-05-01,3461.0
1957-06-01,3441.0
1957-07-01,3542.0
1957-08-01,3319.0
1957-09-01,3278.0
1957-10-01,3316.0
1957-11-01,3175.0
1957-12-01,3085.0
1958-01-01,3046.0
1958-02-01,3060.0
1958-03-01,3047.0
1958-04-01,3160.0
1958-05-01,3213.0
1958-06-01,3213.0
1958-07-01,3250.0
1958-08-01,3103.0
1958-09-01,3019.0
1958-10-01,3055.0
1958-11-01,2980.0
1958-12-01,2834.0
1959-01-01,2827.0
1959-02-01,2914.0
1959-03-01,2987.0
1959-04-01,3155.0
1959-05-01,3234.0
1959-06-01,3278.0
1959-07-01,3128.0
1959-08-01,3034.0
1959-09-01,2982.0
1959-10-01,2991.0
1959-11-01,2963.0
1959-12-01,2747.0
1960-01-01,2724.0
1960-02-01,2730.0
1960-03-01,2750.0
1960-04-01,2862.0
1960-05-01,2850.0
1960-06-01,2919.0
1960-07-01,2950.0
1960-08-01,2781.0
1960-09-01,2752.0
1960-10-01,2749.0
1960-11-01,2748.0
1960-12-01,2730.0
1961-01-01,2604.0
1961-02-01,2719.0
1961-03-01,2774.0
1961-04-01,2734.0
1961-05-01,2822.0
1961-06-01,2887.0
1961-07-01,2834.0
1961-08-01,2768.0
1961-09-01,2702.0
1961-10-01,2705.0
1961-11-01,2664.0
1961-12-01,2636.0
1962-01-01,2669.0
1962-02-01,2615.0
1962-03-01,2688.0
1962-04-01,2751.0
1962-05-01,2784.0
1962-06-01,2714.0
1962-07-01,2636.0
1962-08-01,2550.0
1962-09-01,2537.0
1962-10-01,2521.0
1962-11-01,2499.0
1962-12-01,2349.0
1963-01-01,2303.0
1963-02-01,2332.0
1963-03-01,2358.0
1963-04-01,2444.0
1963-05-01,2577.0
1963-06-01,2627.0
1963-07-01,2573.0
1963-08-01,2428.0
1963-09-01,2428.0
1963-10-01,2444.0
1963-11-01,2354.0
1963-12-01,2251.0
1964-01-01,2253.0
1964-02-01,2206.0
1964-03-01,2241.0
1964-04-01,2333.0
1964-05-01,2460.0
1964-06-01,2557.0
1964-07-01,2551.0
1964-08-01,2481.0
1964-09-01,2430.0
1964-10-01,2353.0
1964-11-01,2259.0
1964-12-01,2160.0
1965-01-01,2130.0
1965-02-01,2192.0
1965-03-01,2254.0
1965-04-01,2398.0
1965-05-01,2532.0
1965-06-01,2520.0
1965-07-01,2479.0
1965-08-01,2374.0
1965-09-01,2291.0
1965-10-01,2239.0
1965-11-01,2128.0
1965-12-01,2024.0
1966-01-01,2030.0
1966-02-01,2089.0
1966-03-01,2116.0
1966-04-01,2218.0
1966-05-01,2233.0
1966-06-01,2234.0
1966-07-01,2177.0
1966-08-01,2128.0
1966-09-01,2225.0
1966-10-01,2174.0
1966-11-01,2053.0
1966-12-01,1951.0
1967-01-01,1900.0
1967-02-01,1912.0
1967-03-01,1875.0
1967-04-01,1970.0
1967-05-01,1966.0
1967-06-01,2063.0
1967-07-01,2106.0
1967-08-01,2076.0
1967-09-01,2084.0
1967-10-01,2068.0
1967-11-01,1973.0
1967-12-01,1953.0
1968-01-01,1901.0
1968-02-01,1885.0
1968-03-01,1933.0
1968-04-01,2025.0
1968-05-01,2052.0
1968-06-01,2148.0
1968-07-01,2122.0
1968-08-01,2027.0
1968-09-01,1967.0
1968-10-01,1965.0
1968-11-01,1933.0
1968-12-01,1867.0
1969-01-01,1843.0
1969-02-01,1833.0
1969-03-01,1834.0
1969-04-01,1955.0
1969-05-01,1963.0
1969-06-01,2056.0
1969-07-01,2005.0
1969-08-01,1981.0
1969-09-01,1921.0
1969-10-01,1865.0
1969-11-01,1782.0
1969-12-01,1716.0
1970-01-01,1708.0
1970-02-01,1734.0
1970-03-01,1798.0
1970-04-01,1873.0
1970-05-01,1926.0
1970-06-01,2000.0
1970-07-01,1921.0
1970-08-01,1833.0
1970-09-01,1793.0
1970-10-01,1746.0
1970-11-01,1761.0
1970-12-01,1631.0
1971-01-01,1638.0
1971-02-01,1615.0
1971-03-01,1679.0
1971-04-01,1765.0
1971-05-01,1814.0
1971-06-01,1845.0
1971-07-01,1884.0
1971-08-01,1837.0
1971-09-01,1760.0
1971-10-01,1765.0
1971-11-01,1738.0
1971-12-01,1652.0
1972-01-01,1616.0
1972-02-01,1603.0
1972-03-01,1656.0
1972-04-01,1703.0
1972-05-01,1773.0
1972-06-01,1886.0
1972-07-01,1898.0
1972-08-01,1929.0
1972-09-01,1929.0
1972-10-01,1931.0
1972-11-01,1815.0
1972-12-01,1768.0
1973-01-01,1685.0
1973-02-01,1652.0
1973-03-01,1707.0
1973-04-01,1773.0
1973-05-01,1792.0
1973-06-01,1914.0
1973-07-01,1899.0
1973-08-01,1832.0
1973-09-01,1777.0
1973-10-01,1789.0
1973-11-01,1796.0
1973-12-01,1745.0
1974-01-01,1762.0
1974-02-01,1778.0
1974-03-01,1754.0
1974-04-01,1764.0
1974-05-01,1784.0
1974-06-01,1838.0
1974-07-01,1866.0
1974-08-01,1812.0
1974-09-01,1756.0
1974-10-01,1734.0
1974-11-01,1622.0
1974-12-01,1623.0
1975-01-01,1588.0
1975-02-01,1645.0
1975-03-01,1656.0
1975-04-01,1723.0
1975-05-01,1788.0
1975-06-01,1848.0
1975-07-01,1836.0
1975-08-01,1776.0
1975-09-01,1797.0
1975-10-01,1734.0
1975-11-01,1679.0
1975-12-01,1598.0
1976-01-01,1560.0
1976-02-01,1511.0
1976-03-01,1518.0
1976-04-01,1634.0
1976-05-01,1706.0
1976-06-01,1785.0
1976-07-01,1813.0
1976-08-01,1784.0
1976-09-01,1647.0
1976-10-01,1707.0
1976-11-01,1618.0
1976-12-01,1465.0
1977-01-01,1414.0
1977-02-01,1427.0
1977-03-01,1452.0
1977-04-01,1544.0
1977-05-01,1698.0
1977-06-01,1705.0
1977-07-01,1682.0
1977-08-01,1685.0
1977-09-01,1606.0
1977-10-01,1619.0
1977-11-01,1599.0
1977-12-01,1526.0
1978-01-01,1509.0
1978-02-01,1471.0
1978-03-01,1445.0
1978-04-01,1532.0
1978-05-01,1625.0
1978-06-01,1803.0
1978-07-01,1792.0
1978-08-01,1727.0
1978-09-01,1692.0
1978-10-01,1711.0
1978-11-01,1573.0
1978-12-01,1546.0
1979-01-01,1458.0
1979-02-01,1431.0
1979-03-01,1482.0
1979-04-01,1510.0
1979-05-01,1537.0
1979-06-01,1655.0
1979-07-01,1698.0
1979-08-01,1750.0
1979-09-01,1723.0
1979-10-01,1690.0
1979-11-01,1642.0
1979-12-01,1539.0
1980-01-01,1449.0
1980-02-01,1512.0
1980-03-01,1500.0
1980-04-01,1543.0
1980-05-01,1678.0
1980-06-01,1707.0
1980-07-01,1778.0
1980-08-01,1788.0
1980-09-01,1800.0
1980-10-01,1734.0
1980-11-01,1616.0
1980-12-01,1600.0
1981-01-01,1497.0
1981-02-01,1492.0
1981-03-01,1503.0
1981-04-01,1584.0
1981-05-01,1680.0
1981-06-01,1756.0
1981-07-01,1712.0
1981-08-01,1778.0
1981-09-01,1769.0
1981-10-01,1714.0
1981-11-01,1637.0
1981-12-01,1530.0
1982-01-01,1513.0
1982-02-01,1456.0
1982-03-01,1508.0
1982-04-01,1586.0
1982-05-01,1727.0
1982-06-01,1768.0
1982-07-01,1795.0
1982-08-01,1749.0
1982-09-01,1681.0
1982-10-01,1692.0
1982-11-01,1615.0
1982-12-01,1539.0
1983-01-01,1446.0
1983-02-01,1390.0
1983-03-01,1450.0
1983-04-01,1541.0
1983-05-01,1605.0
1983-06-01,1716.0
1983-07-01,1719.0
1983-08-01,1691.0
1983-09-01,1580.0
1983-10-01,1584.0
1983-11-01,1551.0
1983-12-01,1504.0
1984-01-01,1471.0
1984-02-01,1427.0
1984-03-01,1446.0
1984-04-01,1485.0
1984-05-01,1585.0
1984-06-01,1699.0
1984-07-01,1704.0
1984-08-01,1692.0
1984-09-01,1640.0
1984-10-01,1529.0
1984-11-01,1555.0
1984-12-01,1403.0
1985-01-01,1401.0
1985-02-01,1342.0
1985-03-01,1376.0
1985-04-01,1433.0
1985-05-01,1542.0
1985-06-01,1572.0
1985-07-01,1625.0
1985-08-01,1567.0
1985-09-01,1465.0
1985-10-01,1482.0
1985-11-01,1350.0
1985-12-01,1341.0
1986-01-01,1374.0
1986-02-01,1287.0
1986-03-01,1332.0
1986-04-01,1415.0
1986-05-01,1528.0
1986-06-01,1629.0
1986-07-01,1575.0
1986-08-01,1496.0
1986-09-01,1525.0
1986-10-01,1496.0
1986-11-01,1410.0
1986-12-01,1292.0
1987-01-01,1271.0
1987-02-01,1297.0
1987-03-01,1303.0
1987-04-01,1452.0
1987-05-01,1501.0
1987-06-01,1514.0
1987-07-01,1572.0
1987-08-01,1472.0
1987-09-01,1477.0
1987-10-01,1487.0
1987-11-01,1384.0
1987-12-01,1350.0
1988-01-01,1325.0
1988-02-01,1274.0
1988-03-01,1309.0
1988-04-01,1356.0
1988-05-01,1419.0
1988-06-01,1466.0
1988-07-01,1482.0
1988-08-01,1490.0
1988-09-01,1500.0
1988-10-01,1471.0
1988-11-01,1437.0
1988-12-01,1247.0
1989-01-01,1287.0
1989-02-01,1284.0
1989-03-01,1298.0
1989-04-01,1385.0
1989-05-01,1411.0
1989-06-01,1504.0
1989-07-01,1556.0
1989-08-01,1494.0
1989-09-01,1523.0
1989-10-01,1481.0
1989-11-01,1343.0
1989-12-01,1257.0
1990-01-01,1223.0
1990-02-01,1227.0
1990-03-01,1323.0
1990-04-01,1376.0
1990-05-01,1508.0
1990-06-01,1578.0
1990-07-01,1486.0
1990-08-01,1422.0
1990-09-01,1344.0
1990-10-01,1381.0
1990-11-01,1334.0
1990-12-01,1332.0
1991-01-01,1265.0
1991-02-01,1286.0
1991-03-01,1300.0
1991-04-01,1396.0
1991-05-01,1469.0
1991-06-01,1537.0
1991-07-01,1607.0
1991-08-01,1534.0
1991-09-01,1492.0
1991-10-01,1461.0
1991-11-01,1444.0
1991-12-01,1282.0
1992-01-01,1319.0
1992-02-01,1279.0
1992-03-01,1257.0
1992-04-01,1318.0
1992-05-01,1449.0
1992-06-01,1497.0
1992-07-01,1528.0
1992-08-01,1507.0
1992-09-01,1447.0
1992-10-01,1433.0
1992-11-01,1319.0
1992-12-01,1264.0
1993-01-01,1278.0
1993-02-01,1233.0
1993-03-01,1263.0
1993-04-01,1283.0
1993-05-01,1419.0
1993-06-01,1435.0
1993-07-01,1445.0
1993-08-01,1389.0
1993-09-01,1370.0
1993-10-01,1285.0
1993-11-01,1299.0
1993-12-01,1144.0
1994-01-01,1474.0
1994-02-01,1487.0
1994-03-01,1525.0
1994-04-01,1652.0
1994-05-01,1731.0
1994-06-01,1712.0
1994-07-01,1770.0
1994-08-01,1779.0
1994-09-01,1694.0
1994-10-01,1668.0
1994-11-01,1664.0
1994-12-01,1583.0
1995-01-01,1533.0
1995-02-01,1534.0
1995-03-01,1553.0
1995-04-01,1600.0
1995-05-01,1649.0
1995-06-01,1720.0
1995-07-01,1688.0
1995-08-01,1660.0
1995-09-01,1554.0
1995-10-01,1557.0
1995-11-01,1494.0
1995-12-01,1422.0
1996-01-01,1420.0
1996-02-01,1418.0
1996-03-01,1484.0
1996-04-01,1466.0
1996-05-01,1517.0
1996-06-01,1578.0
1996-07-01,1686.0
1996-08-01,1635.0
1996-09-01,1616.0
1996-10-01,1597.0
1996-11-01,1435.0
1996-12-01,1369.0
1997-01-01,1335.0
1997-02-01,1257.0
1997-03-01,1348.0
1997-04-01,1393.0
1997-05-01,1483.0
1997-06-01,1485.0
1997-07-01,1628.0
1997-08-01,1597.0
1997-09-01,1586.0
1997-10-01,1506.0
1997-11-01,1466.0
1997-12-01,1405.0
1998-01-01,1247.0
1998-02-01,1210.0
1998-03-01,1168.0
1998-04-01,1281.0
1998-05-01,1430.0
1998-06-01,1524.0
1998-07-01,1543.0
1998-08-01,1466.0
1998-09-01,1368.0
1998-10-01,1310.0
1998-11-01,1301.0
1998-12-01,1241.0
1999-01-01,1181.0
1999-02-01,1220.0
1999-03-01,1267.0
1999-04-01,1367.0
1999-05-01,1387.0
1999-06-01,1443.0
1999-07-01,1460.0
1999-08-01,1379.0
1999-09-01,1246.0
1999-10-01,1294.0
1999-11-01,1193.0
1999-12-01,1127.0
2000-01-01,945.0
2000-02-01,1025.0
2000-03-01,1025.0
2000-04-01,1040.0
2000-05-01,1104.0
2000-06-01,1020.0
2000-07-01,1085.0
2000-08-01,1096.0
2000-09-01,1022.0
2000-10-01,971.0
2000-11-01,902.0
2000-12-01,881.0
2001-01-01,900.0
2001-02-01,945.0
2001-03-01,991.0
2001-04-01,1028.0
2001-05-01,1015.0
2001-06-01,924.0
2001-07-01,1006.0
2001-08-01,1018.0
2001-09-01,1047.0
2001-10-01,1088.0
2001-11-01,946.0
2001-12-01,946.0
2002-01-01,990.0
2002-02-01,988.0
2002-03-01,1036.0
2002-04-01,1017.0
2002-05-01,992.0
2002-06-01,934.0
2002-07-01,1001.0
2002-08-01,997.0
2002-09-01,997.0
2002-10-01,1092.0
2002-11-01,1013.0
2002-12-01,976.0
2003-01-01,1014.0
2003-02-01,924.0
2003-03-01,928.0
2003-04-01,933.0
2003-05-01,978.0
2003-06-01,979.0
2003-07-01,982.0
2003-08-01,972.0
2003-09-01,900.0
2003-10-01,996.0
2003-11-01,937.0
2003-12-01,870.0
2004-01-01,900.0
2004-02-01,872.0
2004-03-01,880.0
2004-04-01,944.0
2004-05-01,1013.0
2004-06-01,1037.0
2004-07-01,1063.0
2004-08-01,1056.0
2004-09-01,966.0
2004-10-01,973.0
2004-11-01,947.0
2004-12-01,918.0
2005-01-01,865.0
2005-02-01,845.0
2005-03-01,914.0
2005-04-01,1025.0
2005-05-01,992.0
2005-06-01,1051.0
2005-07-01,1053.0
2005-08-01,967.0
2005-09-01,986.0
2005-10-01,973.0
2005-11-01,923.0
2005-12-01,868.0
2006-01-01,834.0
2006-02-01,843.0
2006-03-01,880.0
2006-04-01,930.0
2006-05-01,911.0
2006-06-01,951.0
2006-07-01,943.0
2006-08-01,967.0
2006-09-01,958.0
2006-10-01,916.0
2006-11-01,856.0
2006-12-01,825.0
2007-01-01,828.0
2007-02-01,823.0
2007-03-01,859.0
2007-04-01,856.0
2007-05-01,861.0
2007-06-01,813.0
2007-07-01,872.0
2007-08-01,850.0
2007-09-01,875.0
2007-10-01,914.0
2007-11-01,892.0
2007-12-01,825.0
2008-01-01,886.0
2008-02-01,808.0
2008-03-01,816.0
2008-04-01,840.0
2008-05-01,865.0
2008-06-01,876.0
2008-07-01,894.0
2008-08-01,850.0
2008-09-01,834.0
2008-10-01,853.0
2008-11-01,920.0
2008-12-01,883.0
2009-01-01,860.0
2009-02-01,817.0
2009-03-01,847.0
2009-04-01,894.0
2009-05-01,901.0
2009-06-01,941.0
2009-07-01,926.0
2009-08-01,847.0
2009-09-01,805.0
2009-10-01,748.0
2009-11-01,740.0
2009-12-01,707.0
2010-01-01,743.0
2010-02-01,849.0
2010-03-01,835.0
2010-04-01,837.0
2010-05-01,848.0
2010-06-01,854.0
2010-07-01,884.0
2010-08-01,886.0
2010-09-01,802.0
2010-10-01,840.0
2010-11-01,749.0
2010-12-01,720.0
2011-01-01,819.0
2011-02-01,849.0
2011-03-01,824.0
2011-04-01,830.0
2011-05-01,850.0
2011-06-01,875.0
2011-07-01,867.0
2011-08-01,879.0
2011-09-01,839.0
2011-10-01,873.0
2011-11-01,824.0
2011-12-01,823.0
2012-01-01,765.0
2012-02-01,767.0
2012-03-01,799.0
2012-04-01,798.0
2012-05-01,843.0
2012-06-01,826.0
2012-07-01,843.0
2012-08-01,761.0
2012-09-01,755.0
2012-10-01,758.0
2012-11-01,761.0
2012-12-01,683.0
2013-01-01,736.0
2013-02-01,754.0
2013-03-01,700.0
2013-04-01,783.0
2013-05-01,831.0
2013-06-01,836.0
2013-07-01,915.0
2013-08-01,855.0
2013-09-01,762.0
2013-10-01,800.0
2013-11-01,754.0
2013-12-01,742.0
2014-01-01,720.0
2014-02-01,732.0
2014-03-01,727.0
2014-04-01,773.0
2014-05-01,767.0
2014-06-01,769.0
2014-07-01,755.0
2014-08-01,756.0
2014-09-01,782.0
2014-10-01,800.0
2014-11-01,729.0
2014-12-01,764.0
2015-01-01,802.0
2015-02-01,808.0
2015-03-01,881.0
2015-04-01,799.0
2015-05-01,866.0
2015-06-01,952.0
2015-07-01,912.0
2015-08-01,922.0
2015-09-01,810.0
2015-10-01,810.0
2015-11-01,801.0
2015-12-01,760.0
2016-01-01,792.0
2016-02-01,857.0
2016-03-01,933.0
2016-04-01,869.0
2016-05-01,899.0
2016-06-01,885.0
2016-07-01,809.0
2016-08-01,915.0
2016-09-01,879.0
2016-10-01,810.0
2016-11-01,796.0
2016-12-01,797.0
2017-01-01,747.0
2017-02-01,820.0
2017-03-01,857.0
2017-04-01,900.0
2017-05-01,865.0
2017-06-01,858.0
2017-07-01,737.0
2017-08-01,745.0
2017-09-01,732.0
2017-10-01,721.0
2017-11-01,754.0
2017-12-01,743.0
2018-01-01,732.0
2018-02-01,758.0
2018-03-01,840.0
2018-04-01,759.0
2018-05-01,776.0
2018-06-01,779.0
2018-07-01,806.0
2018-08-01,789.0
2018-09-01,806.0
2018-10-01,692.0
2018-11-01,742.0
2018-12-01,708.0
2019-01-01,746.0
2019-02-01,757.0
2019-03-01,667.0
2019-04-01,687.0
2019-05-01,706.0
2019-06-01,821.0
2019-07-01,821.0
2019-08-01,817.0
2019-09-01,781.0
2019-10-01,786.0
2019-11-01,663.0
2019-12-01,637.0
2020-01-01,592.0
2020-02-01,612.0
2020-03-01,661.0
2020-04-01,693.0
2020-05-01,764.0
2020-06-01,769.0
2020-07-01,714.0
2020-08-01,788.0
2020-09-01,816.0
2020-10-01,892.0
2020-11-01,820.0
2020-12-01,782.0
2021-01-01,778.0
2021-02-01,676.0
2021-03-01,623.0
2021-04-01,674.0
2021-05-01,756.0
2021-06-01,730.0
2021-07-01,740.0
2021-08-01,744.0
2021-09-01,743.0
2021-10-01,785.0
2021-11-01,727.0
2021-12-01,746.0
2022-01-01,735.0
2022-02-01,771.0
2022-03-01,737.0
2022-04-01,798.0
2022-05-01,801.0
2022-06-01,787.0
2022-07-01,785.0
2022-08-01,671.0
2022-09-01,700.0
2022-10-01,701.0
2022-11-01,695.0
2022-12-01,755.0
2023-01-01,682.0
2023-02-01,755.0
2023-03-01,639.0
2023-04-01,713.0
2023-05-01,694.0
2023-06-01,712.0
2023-07-01,719.0
2023-08-01,717.0
2023-09-01,699.0
2023-10-01,719.0
2023-11-01,683.0
2023-12-01,646.0
2024-01-01,651.0
2024-02-01,621.0
2024-03-01,627.0
2024-04-01,657.0
2024-05-01,680.0
2024-06-01,694.0
2024-07-01,673.0
2024-08-01,652.0
2024-09-01,617.0
2024-10-01,681.0
2024-11-01,688.0
2024-12-01,696.0
2025-01-01,693.0
2025-02-01,735.0
2025-03-01,717.0
2025-04-01,663.0
2025-05-01,646.0
2025-06-01,609.0
2025-07-01,571.0
2025-08-01,689.0
2025-09-01,658.0
2025-10-01,
2025-11-01,760.0
2025-12-01,738.0
2026-01-01,737.0
2026-02-01,751.0
2026-03-01,702.0
